ServiceName,MaximumCapacity,Booked,DayOfTheWeek,EventName,EventTime,EventID,EventSchedule,Facility,AttendeeName,AttendeeStatus,AttendeePhone,AttendeeEmail,Age,GroupName,MainFacility,Day,Starts,Ends,ID,Duration,Max,Min,RegTotal,PercentFilled
Splash  1,6,6,Mo,Splash  1 Demo,4:00 PM - 4:30 PM,457435,From 2026-03-30 to 2026-06-08,Paul Palleschi Full Pool,"Stone, Avery",Booked,555-0110-1000,student.0.0@example.test,3,Splash  1,Paul Palleschi Full Pool,Mo,2026-03-30 4:00 PM,2026-03-30 4:30 PM,457435,30,6,1,6,100%
Splash  1,6,6,Mo,Splash  1 Demo,4:00 PM - 4:30 PM,457435,From 2026-03-30 to 2026-06-08,Paul Palleschi Full Pool,"Stone, Blake",Booked,555-0110-1001,student.0.1@example.test,4,Splash  1,Paul Palleschi Full Pool,Mo,2026-03-30 4:00 PM,2026-03-30 4:30 PM,457435,30,6,1,6,100%
Splash  1,6,6,Mo,Splash  1 Demo,4:00 PM - 4:30 PM,457435,From 2026-03-30 to 2026-06-08,Paul Palleschi Full Pool,"Lee, Casey",Booked,555-0110-1002,student.0.2@example.test,5,Splash  1,Paul Palleschi Full Pool,Mo,2026-03-30 4:00 PM,2026-03-30 4:30 PM,457435,30,6,1,6,100%
Splash  1,6,6,Mo,Splash  1 Demo,4:00 PM - 4:30 PM,457435,From 2026-03-30 to 2026-06-08,Paul Palleschi Full Pool,"Lee, Drew",Booked,555-0110-1003,student.0.3@example.test,6,Splash  1,Paul Palleschi Full Pool,Mo,2026-03-30 4:00 PM,2026-03-30 4:30 PM,457435,30,6,1,6,100%
Splash  1,6,6,Mo,Splash  1 Demo,4:00 PM - 4:30 PM,457435,From 2026-03-30 to 2026-06-08,Paul Palleschi Full Pool,"Martin, Emery",Booked,555-0110-1004,student.0.4@example.test,7,Splash  1,Paul Palleschi Full Pool,Mo,2026-03-30 4:00 PM,2026-03-30 4:30 PM,457435,30,6,1,6,100%
Splash  1,6,6,Mo,Splash  1 Demo,4:00 PM - 4:30 PM,457435,From 2026-03-30 to 2026-06-08,Paul Palleschi Full Pool,"Martin, Finley",Booked,555-0110-1005,student.0.5@example.test,8,Splash  1,Paul Palleschi Full Pool,Mo,2026-03-30 4:00 PM,2026-03-30 4:30 PM,457435,30,6,1,6,100%
Splash  3,6,6,Mo,Splash  3 Demo,4:15 PM - 4:45 PM,471646,From 2026-03-30 to 2026-06-08,Paul Palleschi Full Pool,"Martin, Emery",Booked,555-0111-1100,student.1.0@example.test,3,Splash  3,Paul Palleschi Full Pool,Mo,2026-03-30 4:15 PM,2026-03-30 4:45 PM,471646,30,6,1,6,100%
Splash  3,6,6,Mo,Splash  3 Demo,4:15 PM - 4:45 PM,471646,From 2026-03-30 to 2026-06-08,Paul Palleschi Full Pool,"Martin, Finley",Booked,555-0111-1101,student.1.1@example.test,4,Splash  3,Paul Palleschi Full Pool,Mo,2026-03-30 4:15 PM,2026-03-30 4:45 PM,471646,30,6,1,6,100%
Splash  3,6,6,Mo,Splash  3 Demo,4:15 PM - 4:45 PM,471646,From 2026-03-30 to 2026-06-08,Paul Palleschi Full Pool,"Singh, Harper",Booked,555-0111-1102,student.1.2@example.test,5,Splash  3,Paul Palleschi Full Pool,Mo,2026-03-30 4:15 PM,2026-03-30 4:45 PM,471646,30,6,1,6,100%
Splash  3,6,6,Mo,Splash  3 Demo,4:15 PM - 4:45 PM,471646,From 2026-03-30 to 2026-06-08,Paul Palleschi Full Pool,"Singh, Jordan",Booked,555-0111-1103,student.1.3@example.test,6,Splash  3,Paul Palleschi Full Pool,Mo,2026-03-30 4:15 PM,2026-03-30 4:45 PM,471646,30,6,1,6,100%
Splash  3,6,6,Mo,Splash  3 Demo,4:15 PM - 4:45 PM,471646,From 2026-03-30 to 2026-06-08,Paul Palleschi Full Pool,"Cooper, Kai",Booked,555-0111-1104,student.1.4@example.test,7,Splash  3,Paul Palleschi Full Pool,Mo,2026-03-30 4:15 PM,2026-03-30 4:45 PM,471646,30,6,1,6,100%
Splash  3,6,6,Mo,Splash  3 Demo,4:15 PM - 4:45 PM,471646,From 2026-03-30 to 2026-06-08,Paul Palleschi Full Pool,"Cooper, Logan",Booked,555-0111-1105,student.1.5@example.test,8,Splash  3,Paul Palleschi Full Pool,Mo,2026-03-30 4:15 PM,2026-03-30 4:45 PM,471646,30,6,1,6,100%
Swimming Private Lesson,6,1,Mo,Swimming Private Lesson Demo,4:15 PM - 4:45 PM,496565,From 2026-03-30 to 2026-06-08,Paul Palleschi Full Pool,"Cooper, Kai",Waiting,555-0112-1200,student.2.0@example.test,3,Swimming Private Lesson,Paul Palleschi Full Pool,Mo,2026-03-30 4:15 PM,2026-03-30 4:45 PM,496565,30,6,1,1,17%
Swimming Private Lesson,6,1,Mo,Swimming Private Lesson Demo,4:15 PM - 4:45 PM,496565,From 2026-03-30 to 2026-06-08,Paul Palleschi Full Pool,"Cooper, Logan",Waiting,555-0112-1201,student.2.1@example.test,4,Swimming Private Lesson,Paul Palleschi Full Pool,Mo,2026-03-30 4:15 PM,2026-03-30 4:45 PM,496565,30,6,1,1,17%
Swimming Private Lesson,6,1,Mo,Swimming Private Lesson Demo,4:15 PM - 4:45 PM,496565,From 2026-03-30 to 2026-06-08,Paul Palleschi Full Pool,"Walker, Maya",Waiting,555-0112-1202,student.2.2@example.test,5,Swimming Private Lesson,Paul Palleschi Full Pool,Mo,2026-03-30 4:15 PM,2026-03-30 4:45 PM,496565,30,6,1,1,17%
Swimming Private Lesson,6,1,Mo,Swimming Private Lesson Demo,4:15 PM - 4:45 PM,496565,From 2026-03-30 to 2026-06-08,Paul Palleschi Full Pool,"Walker, Noah",Booked,555-0112-1203,student.2.3@example.test,6,Swimming Private Lesson,Paul Palleschi Full Pool,Mo,2026-03-30 4:15 PM,2026-03-30 4:45 PM,496565,30,6,1,1,17%
Swimming Private Lesson,6,1,Mo,Swimming Private Lesson Demo,4:15 PM - 4:45 PM,496565,From 2026-03-30 to 2026-06-08,Paul Palleschi Full Pool,"Young, Avery",Waiting,555-0112-1204,student.2.4@example.test,7,Swimming Private Lesson,Paul Palleschi Full Pool,Mo,2026-03-30 4:15 PM,2026-03-30 4:45 PM,496565,30,6,1,1,17%
Swimming Private Lesson,6,1,Mo,Swimming Private Lesson Demo,4:15 PM - 4:45 PM,496565,From 2026-03-30 to 2026-06-08,Paul Palleschi Full Pool,"Young, Blake",Waiting,555-0112-1205,student.2.5@example.test,8,Swimming Private Lesson,Paul Palleschi Full Pool,Mo,2026-03-30 4:15 PM,2026-03-30 4:45 PM,496565,30,6,1,1,17%
Little Splash 1,7,4,Mo,Little Splash 1 Demo,4:30 PM - 5:00 PM,457288,From 2026-03-30 to 2026-06-08,Paul Palleschi Full Pool,"Young, Avery",Waiting,555-0113-1300,student.3.0@example.test,3,Little Splash 1,Paul Palleschi Full Pool,Mo,2026-03-30 4:30 PM,2026-03-30 5:00 PM,457288,30,7,1,4,57%
Little Splash 1,7,4,Mo,Little Splash 1 Demo,4:30 PM - 5:00 PM,457288,From 2026-03-30 to 2026-06-08,Paul Palleschi Full Pool,"Young, Blake",Booked,555-0113-1301,student.3.1@example.test,4,Little Splash 1,Paul Palleschi Full Pool,Mo,2026-03-30 4:30 PM,2026-03-30 5:00 PM,457288,30,7,1,4,57%
Little Splash 1,7,4,Mo,Little Splash 1 Demo,4:30 PM - 5:00 PM,457288,From 2026-03-30 to 2026-06-08,Paul Palleschi Full Pool,"Hall, Casey",Booked,555-0113-1302,student.3.2@example.test,5,Little Splash 1,Paul Palleschi Full Pool,Mo,2026-03-30 4:30 PM,2026-03-30 5:00 PM,457288,30,7,1,4,57%
Little Splash 1,7,4,Mo,Little Splash 1 Demo,4:30 PM - 5:00 PM,457288,From 2026-03-30 to 2026-06-08,Paul Palleschi Full Pool,"Hall, Drew",Waiting,555-0113-1303,student.3.3@example.test,6,Little Splash 1,Paul Palleschi Full Pool,Mo,2026-03-30 4:30 PM,2026-03-30 5:00 PM,457288,30,7,1,4,57%
Little Splash 1,7,4,Mo,Little Splash 1 Demo,4:30 PM - 5:00 PM,457288,From 2026-03-30 to 2026-06-08,Paul Palleschi Full Pool,"Allen, Emery",Booked,555-0113-1304,student.3.4@example.test,7,Little Splash 1,Paul Palleschi Full Pool,Mo,2026-03-30 4:30 PM,2026-03-30 5:00 PM,457288,30,7,1,4,57%
Little Splash 1,7,4,Mo,Little Splash 1 Demo,4:30 PM - 5:00 PM,457288,From 2026-03-30 to 2026-06-08,Paul Palleschi Full Pool,"Allen, Finley",Waiting,555-0113-1305,student.3.5@example.test,8,Little Splash 1,Paul Palleschi Full Pool,Mo,2026-03-30 4:30 PM,2026-03-30 5:00 PM,457288,30,7,1,4,57%
Little Splash 1,7,4,Mo,Little Splash 1 Demo,4:30 PM - 5:00 PM,457288,From 2026-03-30 to 2026-06-08,Paul Palleschi Full Pool,"Wright, Harper",Booked,555-0113-1306,student.3.6@example.test,9,Little Splash 1,Paul Palleschi Full Pool,Mo,2026-03-30 4:30 PM,2026-03-30 5:00 PM,457288,30,7,1,4,57%
Splash  2A,7,6,Mo,Splash  2A Demo,4:30 PM - 5:00 PM,459322,From 2026-03-30 to 2026-06-08,Paul Palleschi Full Pool,"Allen, Emery",Booked,555-0114-1400,student.4.0@example.test,3,Splash  2A,Paul Palleschi Full Pool,Mo,2026-03-30 4:30 PM,2026-03-30 5:00 PM,459322,30,7,1,6,86%
Splash  2A,7,6,Mo,Splash  2A Demo,4:30 PM - 5:00 PM,459322,From 2026-03-30 to 2026-06-08,Paul Palleschi Full Pool,"Allen, Finley",Booked,555-0114-1401,student.4.1@example.test,4,Splash  2A,Paul Palleschi Full Pool,Mo,2026-03-30 4:30 PM,2026-03-30 5:00 PM,459322,30,7,1,6,86%
Splash  2A,7,6,Mo,Splash  2A Demo,4:30 PM - 5:00 PM,459322,From 2026-03-30 to 2026-06-08,Paul Palleschi Full Pool,"Wright, Harper",Booked,555-0114-1402,student.4.2@example.test,5,Splash  2A,Paul Palleschi Full Pool,Mo,2026-03-30 4:30 PM,2026-03-30 5:00 PM,459322,30,7,1,6,86%
Splash  2A,7,6,Mo,Splash  2A Demo,4:30 PM - 5:00 PM,459322,From 2026-03-30 to 2026-06-08,Paul Palleschi Full Pool,"Wright, Jordan",Booked,555-0114-1403,student.4.3@example.test,6,Splash  2A,Paul Palleschi Full Pool,Mo,2026-03-30 4:30 PM,2026-03-30 5:00 PM,459322,30,7,1,6,86%
Splash  2A,7,6,Mo,Splash  2A Demo,4:30 PM - 5:00 PM,459322,From 2026-03-30 to 2026-06-08,Paul Palleschi Full Pool,"King, Kai",Waiting,555-0114-1404,student.4.4@example.test,7,Splash  2A,Paul Palleschi Full Pool,Mo,2026-03-30 4:30 PM,2026-03-30 5:00 PM,459322,30,7,1,6,86%
Splash  2A,7,6,Mo,Splash  2A Demo,4:30 PM - 5:00 PM,459322,From 2026-03-30 to 2026-06-08,Paul Palleschi Full Pool,"King, Logan",Booked,555-0114-1405,student.4.5@example.test,8,Splash  2A,Paul Palleschi Full Pool,Mo,2026-03-30 4:30 PM,2026-03-30 5:00 PM,459322,30,7,1,6,86%
Splash  2A,7,6,Mo,Splash  2A Demo,4:30 PM - 5:00 PM,459322,From 2026-03-30 to 2026-06-08,Paul Palleschi Full Pool,"Scott, Maya",Booked,555-0114-1406,student.4.6@example.test,9,Splash  2A,Paul Palleschi Full Pool,Mo,2026-03-30 4:30 PM,2026-03-30 5:00 PM,459322,30,7,1,6,86%
Little Splash 3,5,5,Mo,Little Splash 3 Demo,4:30 PM - 5:00 PM,463801,From 2026-03-30 to 2026-06-08,Paul Palleschi Full Pool,"King, Kai",Booked,555-0115-1500,student.5.0@example.test,3,Little Splash 3,Paul Palleschi Full Pool,Mo,2026-03-30 4:30 PM,2026-03-30 5:00 PM,463801,30,5,1,5,100%
Little Splash 3,5,5,Mo,Little Splash 3 Demo,4:30 PM - 5:00 PM,463801,From 2026-03-30 to 2026-06-08,Paul Palleschi Full Pool,"King, Logan",Booked,555-0115-1501,student.5.1@example.test,4,Little Splash 3,Paul Palleschi Full Pool,Mo,2026-03-30 4:30 PM,2026-03-30 5:00 PM,463801,30,5,1,5,100%
Little Splash 3,5,5,Mo,Little Splash 3 Demo,4:30 PM - 5:00 PM,463801,From 2026-03-30 to 2026-06-08,Paul Palleschi Full Pool,"Scott, Maya",Booked,555-0115-1502,student.5.2@example.test,5,Little Splash 3,Paul Palleschi Full Pool,Mo,2026-03-30 4:30 PM,2026-03-30 5:00 PM,463801,30,5,1,5,100%
Little Splash 3,5,5,Mo,Little Splash 3 Demo,4:30 PM - 5:00 PM,463801,From 2026-03-30 to 2026-06-08,Paul Palleschi Full Pool,"Scott, Noah",Booked,555-0115-1503,student.5.3@example.test,6,Little Splash 3,Paul Palleschi Full Pool,Mo,2026-03-30 4:30 PM,2026-03-30 5:00 PM,463801,30,5,1,5,100%
Little Splash 3,5,5,Mo,Little Splash 3 Demo,4:30 PM - 5:00 PM,463801,From 2026-03-30 to 2026-06-08,Paul Palleschi Full Pool,"Stone, Avery",Booked,555-0115-1504,student.5.4@example.test,7,Little Splash 3,Paul Palleschi Full Pool,Mo,2026-03-30 4:30 PM,2026-03-30 5:00 PM,463801,30,5,1,5,100%
Splash  4,8,8,Mo,Splash  4 Demo,4:45 PM - 5:15 PM,471682,From 2026-03-30 to 2026-06-08,Paul Palleschi Full Pool,"Stone, Avery",Booked,555-0116-1600,student.6.0@example.test,3,Splash  4,Paul Palleschi Full Pool,Mo,2026-03-30 4:45 PM,2026-03-30 5:15 PM,471682,30,8,1,8,100%
Splash  4,8,8,Mo,Splash  4 Demo,4:45 PM - 5:15 PM,471682,From 2026-03-30 to 2026-06-08,Paul Palleschi Full Pool,"Stone, Blake",Booked,555-0116-1601,student.6.1@example.test,4,Splash  4,Paul Palleschi Full Pool,Mo,2026-03-30 4:45 PM,2026-03-30 5:15 PM,471682,30,8,1,8,100%
Splash  4,8,8,Mo,Splash  4 Demo,4:45 PM - 5:15 PM,471682,From 2026-03-30 to 2026-06-08,Paul Palleschi Full Pool,"Lee, Casey",Booked,555-0116-1602,student.6.2@example.test,5,Splash  4,Paul Palleschi Full Pool,Mo,2026-03-30 4:45 PM,2026-03-30 5:15 PM,471682,30,8,1,8,100%
Splash  4,8,8,Mo,Splash  4 Demo,4:45 PM - 5:15 PM,471682,From 2026-03-30 to 2026-06-08,Paul Palleschi Full Pool,"Lee, Drew",Booked,555-0116-1603,student.6.3@example.test,6,Splash  4,Paul Palleschi Full Pool,Mo,2026-03-30 4:45 PM,2026-03-30 5:15 PM,471682,30,8,1,8,100%
Splash  4,8,8,Mo,Splash  4 Demo,4:45 PM - 5:15 PM,471682,From 2026-03-30 to 2026-06-08,Paul Palleschi Full Pool,"Martin, Emery",Booked,555-0116-1604,student.6.4@example.test,7,Splash  4,Paul Palleschi Full Pool,Mo,2026-03-30 4:45 PM,2026-03-30 5:15 PM,471682,30,8,1,8,100%
Splash  4,8,8,Mo,Splash  4 Demo,4:45 PM - 5:15 PM,471682,From 2026-03-30 to 2026-06-08,Paul Palleschi Full Pool,"Martin, Finley",Booked,555-0116-1605,student.6.5@example.test,8,Splash  4,Paul Palleschi Full Pool,Mo,2026-03-30 4:45 PM,2026-03-30 5:15 PM,471682,30,8,1,8,100%
Splash  4,8,8,Mo,Splash  4 Demo,4:45 PM - 5:15 PM,471682,From 2026-03-30 to 2026-06-08,Paul Palleschi Full Pool,"Singh, Harper",Booked,555-0116-1606,student.6.6@example.test,9,Splash  4,Paul Palleschi Full Pool,Mo,2026-03-30 4:45 PM,2026-03-30 5:15 PM,471682,30,8,1,8,100%
Splash  4,8,8,Mo,Splash  4 Demo,4:45 PM - 5:15 PM,471682,From 2026-03-30 to 2026-06-08,Paul Palleschi Full Pool,"Singh, Jordan",Booked,555-0116-1607,student.6.7@example.test,10,Splash  4,Paul Palleschi Full Pool,Mo,2026-03-30 4:45 PM,2026-03-30 5:15 PM,471682,30,8,1,8,100%
Swimming Private Lesson,5,1,Mo,Swimming Private Lesson Demo,4:45 PM - 5:15 PM,496573,From 2026-03-30 to 2026-06-08,Paul Palleschi Full Pool,"Martin, Emery",Waiting,555-0117-1700,student.7.0@example.test,3,Swimming Private Lesson,Paul Palleschi Full Pool,Mo,2026-03-30 4:45 PM,2026-03-30 5:15 PM,496573,30,5,1,1,20%
Swimming Private Lesson,5,1,Mo,Swimming Private Lesson Demo,4:45 PM - 5:15 PM,496573,From 2026-03-30 to 2026-06-08,Paul Palleschi Full Pool,"Martin, Finley",Waiting,555-0117-1701,student.7.1@example.test,4,Swimming Private Lesson,Paul Palleschi Full Pool,Mo,2026-03-30 4:45 PM,2026-03-30 5:15 PM,496573,30,5,1,1,20%
Swimming Private Lesson,5,1,Mo,Swimming Private Lesson Demo,4:45 PM - 5:15 PM,496573,From 2026-03-30 to 2026-06-08,Paul Palleschi Full Pool,"Singh, Harper",Booked,555-0117-1702,student.7.2@example.test,5,Swimming Private Lesson,Paul Palleschi Full Pool,Mo,2026-03-30 4:45 PM,2026-03-30 5:15 PM,496573,30,5,1,1,20%
Swimming Private Lesson,5,1,Mo,Swimming Private Lesson Demo,4:45 PM - 5:15 PM,496573,From 2026-03-30 to 2026-06-08,Paul Palleschi Full Pool,"Singh, Jordan",Waiting,555-0117-1703,student.7.3@example.test,6,Swimming Private Lesson,Paul Palleschi Full Pool,Mo,2026-03-30 4:45 PM,2026-03-30 5:15 PM,496573,30,5,1,1,20%
Swimming Private Lesson,5,1,Mo,Swimming Private Lesson Demo,4:45 PM - 5:15 PM,496573,From 2026-03-30 to 2026-06-08,Paul Palleschi Full Pool,"Cooper, Kai",Waiting,555-0117-1704,student.7.4@example.test,7,Swimming Private Lesson,Paul Palleschi Full Pool,Mo,2026-03-30 4:45 PM,2026-03-30 5:15 PM,496573,30,5,1,1,20%
Little Splash 3,6,5,Mo,Little Splash 3 Demo,5:00 PM - 5:30 PM,463804,From 2026-03-30 to 2026-06-08,Paul Palleschi Full Pool,"Cooper, Kai",Booked,555-0118-1800,student.8.0@example.test,3,Little Splash 3,Paul Palleschi Full Pool,Mo,2026-03-30 5:00 PM,2026-03-30 5:30 PM,463804,30,6,1,5,83%
Little Splash 3,6,5,Mo,Little Splash 3 Demo,5:00 PM - 5:30 PM,463804,From 2026-03-30 to 2026-06-08,Paul Palleschi Full Pool,"Cooper, Logan",Booked,555-0118-1801,student.8.1@example.test,4,Little Splash 3,Paul Palleschi Full Pool,Mo,2026-03-30 5:00 PM,2026-03-30 5:30 PM,463804,30,6,1,5,83%
Little Splash 3,6,5,Mo,Little Splash 3 Demo,5:00 PM - 5:30 PM,463804,From 2026-03-30 to 2026-06-08,Paul Palleschi Full Pool,"Walker, Maya",Booked,555-0118-1802,student.8.2@example.test,5,Little Splash 3,Paul Palleschi Full Pool,Mo,2026-03-30 5:00 PM,2026-03-30 5:30 PM,463804,30,6,1,5,83%
Little Splash 3,6,5,Mo,Little Splash 3 Demo,5:00 PM - 5:30 PM,463804,From 2026-03-30 to 2026-06-08,Paul Palleschi Full Pool,"Walker, Noah",Waiting,555-0118-1803,student.8.3@example.test,6,Little Splash 3,Paul Palleschi Full Pool,Mo,2026-03-30 5:00 PM,2026-03-30 5:30 PM,463804,30,6,1,5,83%
Little Splash 3,6,5,Mo,Little Splash 3 Demo,5:00 PM - 5:30 PM,463804,From 2026-03-30 to 2026-06-08,Paul Palleschi Full Pool,"Young, Avery",Booked,555-0118-1804,student.8.4@example.test,7,Little Splash 3,Paul Palleschi Full Pool,Mo,2026-03-30 5:00 PM,2026-03-30 5:30 PM,463804,30,6,1,5,83%
Little Splash 3,6,5,Mo,Little Splash 3 Demo,5:00 PM - 5:30 PM,463804,From 2026-03-30 to 2026-06-08,Paul Palleschi Full Pool,"Young, Blake",Booked,555-0118-1805,student.8.5@example.test,8,Little Splash 3,Paul Palleschi Full Pool,Mo,2026-03-30 5:00 PM,2026-03-30 5:30 PM,463804,30,6,1,5,83%
Splash  2B,10,6,Mo,Splash  2B Demo,5:00 PM - 5:30 PM,471253,From 2026-03-30 to 2026-06-08,Paul Palleschi Full Pool,"Young, Avery",Booked,555-0119-1900,student.9.0@example.test,3,Splash  2B,Paul Palleschi Full Pool,Mo,2026-03-30 5:00 PM,2026-03-30 5:30 PM,471253,30,10,1,6,60%
Splash  2B,10,6,Mo,Splash  2B Demo,5:00 PM - 5:30 PM,471253,From 2026-03-30 to 2026-06-08,Paul Palleschi Full Pool,"Young, Blake",Booked,555-0119-1901,student.9.1@example.test,4,Splash  2B,Paul Palleschi Full Pool,Mo,2026-03-30 5:00 PM,2026-03-30 5:30 PM,471253,30,10,1,6,60%
Splash  2B,10,6,Mo,Splash  2B Demo,5:00 PM - 5:30 PM,471253,From 2026-03-30 to 2026-06-08,Paul Palleschi Full Pool,"Hall, Casey",Booked,555-0119-1902,student.9.2@example.test,5,Splash  2B,Paul Palleschi Full Pool,Mo,2026-03-30 5:00 PM,2026-03-30 5:30 PM,471253,30,10,1,6,60%
Splash  2B,10,6,Mo,Splash  2B Demo,5:00 PM - 5:30 PM,471253,From 2026-03-30 to 2026-06-08,Paul Palleschi Full Pool,"Hall, Drew",Booked,555-0119-1903,student.9.3@example.test,6,Splash  2B,Paul Palleschi Full Pool,Mo,2026-03-30 5:00 PM,2026-03-30 5:30 PM,471253,30,10,1,6,60%
Splash  2B,10,6,Mo,Splash  2B Demo,5:00 PM - 5:30 PM,471253,From 2026-03-30 to 2026-06-08,Paul Palleschi Full Pool,"Allen, Emery",Waiting,555-0119-1904,student.9.4@example.test,7,Splash  2B,Paul Palleschi Full Pool,Mo,2026-03-30 5:00 PM,2026-03-30 5:30 PM,471253,30,10,1,6,60%
Splash  2B,10,6,Mo,Splash  2B Demo,5:00 PM - 5:30 PM,471253,From 2026-03-30 to 2026-06-08,Paul Palleschi Full Pool,"Allen, Finley",Booked,555-0119-1905,student.9.5@example.test,8,Splash  2B,Paul Palleschi Full Pool,Mo,2026-03-30 5:00 PM,2026-03-30 5:30 PM,471253,30,10,1,6,60%
Splash  2B,10,6,Mo,Splash  2B Demo,5:00 PM - 5:30 PM,471253,From 2026-03-30 to 2026-06-08,Paul Palleschi Full Pool,"Wright, Harper",Booked,555-0119-1906,student.9.6@example.test,9,Splash  2B,Paul Palleschi Full Pool,Mo,2026-03-30 5:00 PM,2026-03-30 5:30 PM,471253,30,10,1,6,60%
Splash  2B,10,6,Mo,Splash  2B Demo,5:00 PM - 5:30 PM,471253,From 2026-03-30 to 2026-06-08,Paul Palleschi Full Pool,"Wright, Jordan",Waiting,555-0119-1907,student.9.7@example.test,10,Splash  2B,Paul Palleschi Full Pool,Mo,2026-03-30 5:00 PM,2026-03-30 5:30 PM,471253,30,10,1,6,60%
Splash  2B,10,6,Mo,Splash  2B Demo,5:00 PM - 5:30 PM,471253,From 2026-03-30 to 2026-06-08,Paul Palleschi Full Pool,"King, Kai",Waiting,555-0119-1908,student.9.8@example.test,11,Splash  2B,Paul Palleschi Full Pool,Mo,2026-03-30 5:00 PM,2026-03-30 5:30 PM,471253,30,10,1,6,60%
Splash  2B,10,6,Mo,Splash  2B Demo,5:00 PM - 5:30 PM,471253,From 2026-03-30 to 2026-06-08,Paul Palleschi Full Pool,"King, Logan",Waiting,555-0119-1909,student.9.9@example.test,12,Splash  2B,Paul Palleschi Full Pool,Mo,2026-03-30 5:00 PM,2026-03-30 5:30 PM,471253,30,10,1,6,60%
Splash  3,7,7,Mo,Splash  3 Demo,5:00 PM - 5:30 PM,471654,From 2026-03-30 to 2026-06-08,Paul Palleschi Full Pool,"Allen, Emery",Booked,555-0120-2000,student.10.0@example.test,3,Splash  3,Paul Palleschi Full Pool,Mo,2026-03-30 5:00 PM,2026-03-30 5:30 PM,471654,30,7,1,7,100%
Splash  3,7,7,Mo,Splash  3 Demo,5:00 PM - 5:30 PM,471654,From 2026-03-30 to 2026-06-08,Paul Palleschi Full Pool,"Allen, Finley",Booked,555-0120-2001,student.10.1@example.test,4,Splash  3,Paul Palleschi Full Pool,Mo,2026-03-30 5:00 PM,2026-03-30 5:30 PM,471654,30,7,1,7,100%
Splash  3,7,7,Mo,Splash  3 Demo,5:00 PM - 5:30 PM,471654,From 2026-03-30 to 2026-06-08,Paul Palleschi Full Pool,"Wright, Harper",Booked,555-0120-2002,student.10.2@example.test,5,Splash  3,Paul Palleschi Full Pool,Mo,2026-03-30 5:00 PM,2026-03-30 5:30 PM,471654,30,7,1,7,100%
Splash  3,7,7,Mo,Splash  3 Demo,5:00 PM - 5:30 PM,471654,From 2026-03-30 to 2026-06-08,Paul Palleschi Full Pool,"Wright, Jordan",Booked,555-0120-2003,student.10.3@example.test,6,Splash  3,Paul Palleschi Full Pool,Mo,2026-03-30 5:00 PM,2026-03-30 5:30 PM,471654,30,7,1,7,100%
Splash  3,7,7,Mo,Splash  3 Demo,5:00 PM - 5:30 PM,471654,From 2026-03-30 to 2026-06-08,Paul Palleschi Full Pool,"King, Kai",Booked,555-0120-2004,student.10.4@example.test,7,Splash  3,Paul Palleschi Full Pool,Mo,2026-03-30 5:00 PM,2026-03-30 5:30 PM,471654,30,7,1,7,100%
Splash  3,7,7,Mo,Splash  3 Demo,5:00 PM - 5:30 PM,471654,From 2026-03-30 to 2026-06-08,Paul Palleschi Full Pool,"King, Logan",Booked,555-0120-2005,student.10.5@example.test,8,Splash  3,Paul Palleschi Full Pool,Mo,2026-03-30 5:00 PM,2026-03-30 5:30 PM,471654,30,7,1,7,100%
Splash  3,7,7,Mo,Splash  3 Demo,5:00 PM - 5:30 PM,471654,From 2026-03-30 to 2026-06-08,Paul Palleschi Full Pool,"Scott, Maya",Booked,555-0120-2006,student.10.6@example.test,9,Splash  3,Paul Palleschi Full Pool,Mo,2026-03-30 5:00 PM,2026-03-30 5:30 PM,471654,30,7,1,7,100%
Splash  1,6,6,Mo,Splash  1 Demo,5:15 PM - 5:45 PM,457463,From 2026-03-30 to 2026-06-08,Paul Palleschi Full Pool,"King, Kai",Booked,555-0121-2100,student.11.0@example.test,3,Splash  1,Paul Palleschi Full Pool,Mo,2026-03-30 5:15 PM,2026-03-30 5:45 PM,457463,30,6,1,6,100%
Splash  1,6,6,Mo,Splash  1 Demo,5:15 PM - 5:45 PM,457463,From 2026-03-30 to 2026-06-08,Paul Palleschi Full Pool,"King, Logan",Booked,555-0121-2101,student.11.1@example.test,4,Splash  1,Paul Palleschi Full Pool,Mo,2026-03-30 5:15 PM,2026-03-30 5:45 PM,457463,30,6,1,6,100%
Splash  1,6,6,Mo,Splash  1 Demo,5:15 PM - 5:45 PM,457463,From 2026-03-30 to 2026-06-08,Paul Palleschi Full Pool,"Scott, Maya",Booked,555-0121-2102,student.11.2@example.test,5,Splash  1,Paul Palleschi Full Pool,Mo,2026-03-30 5:15 PM,2026-03-30 5:45 PM,457463,30,6,1,6,100%
Splash  1,6,6,Mo,Splash  1 Demo,5:15 PM - 5:45 PM,457463,From 2026-03-30 to 2026-06-08,Paul Palleschi Full Pool,"Scott, Noah",Booked,555-0121-2103,student.11.3@example.test,6,Splash  1,Paul Palleschi Full Pool,Mo,2026-03-30 5:15 PM,2026-03-30 5:45 PM,457463,30,6,1,6,100%
Splash  1,6,6,Mo,Splash  1 Demo,5:15 PM - 5:45 PM,457463,From 2026-03-30 to 2026-06-08,Paul Palleschi Full Pool,"Stone, Avery",Booked,555-0121-2104,student.11.4@example.test,7,Splash  1,Paul Palleschi Full Pool,Mo,2026-03-30 5:15 PM,2026-03-30 5:45 PM,457463,30,6,1,6,100%
Splash  1,6,6,Mo,Splash  1 Demo,5:15 PM - 5:45 PM,457463,From 2026-03-30 to 2026-06-08,Paul Palleschi Full Pool,"Stone, Blake",Booked,555-0121-2105,student.11.5@example.test,8,Splash  1,Paul Palleschi Full Pool,Mo,2026-03-30 5:15 PM,2026-03-30 5:45 PM,457463,30,6,1,6,100%
Swimming Private Lesson,1,1,Mo,Swimming Private Lesson Demo,5:15 PM - 5:45 PM,496574,From 2026-03-30 to 2026-06-08,Paul Palleschi Full Pool,"Stone, Avery",Booked,555-0122-2200,student.12.0@example.test,3,Swimming Private Lesson,Paul Palleschi Full Pool,Mo,2026-03-30 5:15 PM,2026-03-30 5:45 PM,496574,30,1,1,1,100%
Little Splash 2,5,5,Mo,Little Splash 2 Demo,5:30 PM - 6:00 PM,457779,From 2026-03-30 to 2026-06-08,Paul Palleschi Full Pool,"Martin, Emery",Booked,555-0123-2300,student.13.0@example.test,3,Little Splash 2,Paul Palleschi Full Pool,Mo,2026-03-30 5:30 PM,2026-03-30 6:00 PM,457779,30,5,1,5,100%
Little Splash 2,5,5,Mo,Little Splash 2 Demo,5:30 PM - 6:00 PM,457779,From 2026-03-30 to 2026-06-08,Paul Palleschi Full Pool,"Martin, Finley",Booked,555-0123-2301,student.13.1@example.test,4,Little Splash 2,Paul Palleschi Full Pool,Mo,2026-03-30 5:30 PM,2026-03-30 6:00 PM,457779,30,5,1,5,100%
Little Splash 2,5,5,Mo,Little Splash 2 Demo,5:30 PM - 6:00 PM,457779,From 2026-03-30 to 2026-06-08,Paul Palleschi Full Pool,"Singh, Harper",Booked,555-0123-2302,student.13.2@example.test,5,Little Splash 2,Paul Palleschi Full Pool,Mo,2026-03-30 5:30 PM,2026-03-30 6:00 PM,457779,30,5,1,5,100%
Little Splash 2,5,5,Mo,Little Splash 2 Demo,5:30 PM - 6:00 PM,457779,From 2026-03-30 to 2026-06-08,Paul Palleschi Full Pool,"Singh, Jordan",Booked,555-0123-2303,student.13.3@example.test,6,Little Splash 2,Paul Palleschi Full Pool,Mo,2026-03-30 5:30 PM,2026-03-30 6:00 PM,457779,30,5,1,5,100%
Little Splash 2,5,5,Mo,Little Splash 2 Demo,5:30 PM - 6:00 PM,457779,From 2026-03-30 to 2026-06-08,Paul Palleschi Full Pool,"Cooper, Kai",Booked,555-0123-2304,student.13.4@example.test,7,Little Splash 2,Paul Palleschi Full Pool,Mo,2026-03-30 5:30 PM,2026-03-30 6:00 PM,457779,30,5,1,5,100%
Little Splash 4,5,5,Mo,Little Splash 4 Demo,5:30 PM - 6:00 PM,463898,From 2026-03-30 to 2026-06-08,Paul Palleschi Full Pool,"Cooper, Kai",Booked,555-0124-2400,student.14.0@example.test,3,Little Splash 4,Paul Palleschi Full Pool,Mo,2026-03-30 5:30 PM,2026-03-30 6:00 PM,463898,30,5,1,5,100%
Little Splash 4,5,5,Mo,Little Splash 4 Demo,5:30 PM - 6:00 PM,463898,From 2026-03-30 to 2026-06-08,Paul Palleschi Full Pool,"Cooper, Logan",Booked,555-0124-2401,student.14.1@example.test,4,Little Splash 4,Paul Palleschi Full Pool,Mo,2026-03-30 5:30 PM,2026-03-30 6:00 PM,463898,30,5,1,5,100%
Little Splash 4,5,5,Mo,Little Splash 4 Demo,5:30 PM - 6:00 PM,463898,From 2026-03-30 to 2026-06-08,Paul Palleschi Full Pool,"Walker, Maya",Booked,555-0124-2402,student.14.2@example.test,5,Little Splash 4,Paul Palleschi Full Pool,Mo,2026-03-30 5:30 PM,2026-03-30 6:00 PM,463898,30,5,1,5,100%
Little Splash 4,5,5,Mo,Little Splash 4 Demo,5:30 PM - 6:00 PM,463898,From 2026-03-30 to 2026-06-08,Paul Palleschi Full Pool,"Walker, Noah",Booked,555-0124-2403,student.14.3@example.test,6,Little Splash 4,Paul Palleschi Full Pool,Mo,2026-03-30 5:30 PM,2026-03-30 6:00 PM,463898,30,5,1,5,100%
Little Splash 4,5,5,Mo,Little Splash 4 Demo,5:30 PM - 6:00 PM,463898,From 2026-03-30 to 2026-06-08,Paul Palleschi Full Pool,"Young, Avery",Booked,555-0124-2404,student.14.4@example.test,7,Little Splash 4,Paul Palleschi Full Pool,Mo,2026-03-30 5:30 PM,2026-03-30 6:00 PM,463898,30,5,1,5,100%
Splash  6,21,11,Mo,Splash  6 Demo,5:30 PM - 6:15 PM,471573,From 2026-03-30 to 2026-06-08,Paul Palleschi Full Pool,"Young, Avery",Booked,555-0125-2500,student.15.0@example.test,3,Splash  6,Paul Palleschi Full Pool,Mo,2026-03-30 5:30 PM,2026-03-30 6:15 PM,471573,45,21,1,11,52%
Splash  6,21,11,Mo,Splash  6 Demo,5:30 PM - 6:15 PM,471573,From 2026-03-30 to 2026-06-08,Paul Palleschi Full Pool,"Young, Blake",Waiting,555-0125-2501,student.15.1@example.test,4,Splash  6,Paul Palleschi Full Pool,Mo,2026-03-30 5:30 PM,2026-03-30 6:15 PM,471573,45,21,1,11,52%
Splash  6,21,11,Mo,Splash  6 Demo,5:30 PM - 6:15 PM,471573,From 2026-03-30 to 2026-06-08,Paul Palleschi Full Pool,"Hall, Casey",Waiting,555-0125-2502,student.15.2@example.test,5,Splash  6,Paul Palleschi Full Pool,Mo,2026-03-30 5:30 PM,2026-03-30 6:15 PM,471573,45,21,1,11,52%
Splash  6,21,11,Mo,Splash  6 Demo,5:30 PM - 6:15 PM,471573,From 2026-03-30 to 2026-06-08,Paul Palleschi Full Pool,"Hall, Drew",Waiting,555-0125-2503,student.15.3@example.test,6,Splash  6,Paul Palleschi Full Pool,Mo,2026-03-30 5:30 PM,2026-03-30 6:15 PM,471573,45,21,1,11,52%
Splash  6,21,11,Mo,Splash  6 Demo,5:30 PM - 6:15 PM,471573,From 2026-03-30 to 2026-06-08,Paul Palleschi Full Pool,"Allen, Emery",Booked,555-0125-2504,student.15.4@example.test,7,Splash  6,Paul Palleschi Full Pool,Mo,2026-03-30 5:30 PM,2026-03-30 6:15 PM,471573,45,21,1,11,52%
Splash  6,21,11,Mo,Splash  6 Demo,5:30 PM - 6:15 PM,471573,From 2026-03-30 to 2026-06-08,Paul Palleschi Full Pool,"Allen, Finley",Booked,555-0125-2505,student.15.5@example.test,8,Splash  6,Paul Palleschi Full Pool,Mo,2026-03-30 5:30 PM,2026-03-30 6:15 PM,471573,45,21,1,11,52%
Splash  6,21,11,Mo,Splash  6 Demo,5:30 PM - 6:15 PM,471573,From 2026-03-30 to 2026-06-08,Paul Palleschi Full Pool,"Wright, Harper",Booked,555-0125-2506,student.15.6@example.test,9,Splash  6,Paul Palleschi Full Pool,Mo,2026-03-30 5:30 PM,2026-03-30 6:15 PM,471573,45,21,1,11,52%
Splash  6,21,11,Mo,Splash  6 Demo,5:30 PM - 6:15 PM,471573,From 2026-03-30 to 2026-06-08,Paul Palleschi Full Pool,"Wright, Jordan",Booked,555-0125-2507,student.15.7@example.test,10,Splash  6,Paul Palleschi Full Pool,Mo,2026-03-30 5:30 PM,2026-03-30 6:15 PM,471573,45,21,1,11,52%
Splash  6,21,11,Mo,Splash  6 Demo,5:30 PM - 6:15 PM,471573,From 2026-03-30 to 2026-06-08,Paul Palleschi Full Pool,"King, Kai",Waiting,555-0125-2508,student.15.8@example.test,11,Splash  6,Paul Palleschi Full Pool,Mo,2026-03-30 5:30 PM,2026-03-30 6:15 PM,471573,45,21,1,11,52%
Splash  6,21,11,Mo,Splash  6 Demo,5:30 PM - 6:15 PM,471573,From 2026-03-30 to 2026-06-08,Paul Palleschi Full Pool,"King, Logan",Waiting,555-0125-2509,student.15.9@example.test,12,Splash  6,Paul Palleschi Full Pool,Mo,2026-03-30 5:30 PM,2026-03-30 6:15 PM,471573,45,21,1,11,52%
Splash  6,21,11,Mo,Splash  6 Demo,5:30 PM - 6:15 PM,471573,From 2026-03-30 to 2026-06-08,Paul Palleschi Full Pool,"Scott, Maya",Booked,555-0125-2510,student.15.10@example.test,3,Splash  6,Paul Palleschi Full Pool,Mo,2026-03-30 5:30 PM,2026-03-30 6:15 PM,471573,45,21,1,11,52%
Splash  6,21,11,Mo,Splash  6 Demo,5:30 PM - 6:15 PM,471573,From 2026-03-30 to 2026-06-08,Paul Palleschi Full Pool,"Scott, Noah",Waiting,555-0125-2511,student.15.11@example.test,4,Splash  6,Paul Palleschi Full Pool,Mo,2026-03-30 5:30 PM,2026-03-30 6:15 PM,471573,45,21,1,11,52%
Splash  6,21,11,Mo,Splash  6 Demo,5:30 PM - 6:15 PM,471573,From 2026-03-30 to 2026-06-08,Paul Palleschi Full Pool,"Stone, Avery",Booked,555-0125-2512,student.15.12@example.test,5,Splash  6,Paul Palleschi Full Pool,Mo,2026-03-30 5:30 PM,2026-03-30 6:15 PM,471573,45,21,1,11,52%
Splash  6,21,11,Mo,Splash  6 Demo,5:30 PM - 6:15 PM,471573,From 2026-03-30 to 2026-06-08,Paul Palleschi Full Pool,"Stone, Blake",Waiting,555-0125-2513,student.15.13@example.test,6,Splash  6,Paul Palleschi Full Pool,Mo,2026-03-30 5:30 PM,2026-03-30 6:15 PM,471573,45,21,1,11,52%
Splash  6,21,11,Mo,Splash  6 Demo,5:30 PM - 6:15 PM,471573,From 2026-03-30 to 2026-06-08,Paul Palleschi Full Pool,"Lee, Casey",Waiting,555-0125-2514,student.15.14@example.test,7,Splash  6,Paul Palleschi Full Pool,Mo,2026-03-30 5:30 PM,2026-03-30 6:15 PM,471573,45,21,1,11,52%
Splash  6,21,11,Mo,Splash  6 Demo,5:30 PM - 6:15 PM,471573,From 2026-03-30 to 2026-06-08,Paul Palleschi Full Pool,"Lee, Drew",Waiting,555-0125-2515,student.15.15@example.test,8,Splash  6,Paul Palleschi Full Pool,Mo,2026-03-30 5:30 PM,2026-03-30 6:15 PM,471573,45,21,1,11,52%
Splash  6,21,11,Mo,Splash  6 Demo,5:30 PM - 6:15 PM,471573,From 2026-03-30 to 2026-06-08,Paul Palleschi Full Pool,"Martin, Emery",Booked,555-0125-2516,student.15.16@example.test,9,Splash  6,Paul Palleschi Full Pool,Mo,2026-03-30 5:30 PM,2026-03-30 6:15 PM,471573,45,21,1,11,52%
Splash  6,21,11,Mo,Splash  6 Demo,5:30 PM - 6:15 PM,471573,From 2026-03-30 to 2026-06-08,Paul Palleschi Full Pool,"Martin, Finley",Booked,555-0125-2517,student.15.17@example.test,10,Splash  6,Paul Palleschi Full Pool,Mo,2026-03-30 5:30 PM,2026-03-30 6:15 PM,471573,45,21,1,11,52%
Splash  6,21,11,Mo,Splash  6 Demo,5:30 PM - 6:15 PM,471573,From 2026-03-30 to 2026-06-08,Paul Palleschi Full Pool,"Singh, Harper",Booked,555-0125-2518,student.15.18@example.test,11,Splash  6,Paul Palleschi Full Pool,Mo,2026-03-30 5:30 PM,2026-03-30 6:15 PM,471573,45,21,1,11,52%
Splash  6,21,11,Mo,Splash  6 Demo,5:30 PM - 6:15 PM,471573,From 2026-03-30 to 2026-06-08,Paul Palleschi Full Pool,"Singh, Jordan",Waiting,555-0125-2519,student.15.19@example.test,12,Splash  6,Paul Palleschi Full Pool,Mo,2026-03-30 5:30 PM,2026-03-30 6:15 PM,471573,45,21,1,11,52%
Splash  6,21,11,Mo,Splash  6 Demo,5:30 PM - 6:15 PM,471573,From 2026-03-30 to 2026-06-08,Paul Palleschi Full Pool,"Cooper, Kai",Booked,555-0125-2520,student.15.20@example.test,3,Splash  6,Paul Palleschi Full Pool,Mo,2026-03-30 5:30 PM,2026-03-30 6:15 PM,471573,45,21,1,11,52%
Splash  3,10,7,Mo,Splash  3 Demo,5:45 PM - 6:15 PM,471657,From 2026-03-30 to 2026-06-08,Paul Palleschi Full Pool,"Allen, Emery",Booked,555-0126-2600,student.16.0@example.test,3,Splash  3,Paul Palleschi Full Pool,Mo,2026-03-30 5:45 PM,2026-03-30 6:15 PM,471657,30,10,1,7,70%
Splash  3,10,7,Mo,Splash  3 Demo,5:45 PM - 6:15 PM,471657,From 2026-03-30 to 2026-06-08,Paul Palleschi Full Pool,"Allen, Finley",Booked,555-0126-2601,student.16.1@example.test,4,Splash  3,Paul Palleschi Full Pool,Mo,2026-03-30 5:45 PM,2026-03-30 6:15 PM,471657,30,10,1,7,70%
Splash  3,10,7,Mo,Splash  3 Demo,5:45 PM - 6:15 PM,471657,From 2026-03-30 to 2026-06-08,Paul Palleschi Full Pool,"Wright, Harper",Booked,555-0126-2602,student.16.2@example.test,5,Splash  3,Paul Palleschi Full Pool,Mo,2026-03-30 5:45 PM,2026-03-30 6:15 PM,471657,30,10,1,7,70%
Splash  3,10,7,Mo,Splash  3 Demo,5:45 PM - 6:15 PM,471657,From 2026-03-30 to 2026-06-08,Paul Palleschi Full Pool,"Wright, Jordan",Booked,555-0126-2603,student.16.3@example.test,6,Splash  3,Paul Palleschi Full Pool,Mo,2026-03-30 5:45 PM,2026-03-30 6:15 PM,471657,30,10,1,7,70%
Splash  3,10,7,Mo,Splash  3 Demo,5:45 PM - 6:15 PM,471657,From 2026-03-30 to 2026-06-08,Paul Palleschi Full Pool,"King, Kai",Booked,555-0126-2604,student.16.4@example.test,7,Splash  3,Paul Palleschi Full Pool,Mo,2026-03-30 5:45 PM,2026-03-30 6:15 PM,471657,30,10,1,7,70%
Splash  3,10,7,Mo,Splash  3 Demo,5:45 PM - 6:15 PM,471657,From 2026-03-30 to 2026-06-08,Paul Palleschi Full Pool,"King, Logan",Waiting,555-0126-2605,student.16.5@example.test,8,Splash  3,Paul Palleschi Full Pool,Mo,2026-03-30 5:45 PM,2026-03-30 6:15 PM,471657,30,10,1,7,70%
Splash  3,10,7,Mo,Splash  3 Demo,5:45 PM - 6:15 PM,471657,From 2026-03-30 to 2026-06-08,Paul Palleschi Full Pool,"Scott, Maya",Waiting,555-0126-2606,student.16.6@example.test,9,Splash  3,Paul Palleschi Full Pool,Mo,2026-03-30 5:45 PM,2026-03-30 6:15 PM,471657,30,10,1,7,70%
Splash  3,10,7,Mo,Splash  3 Demo,5:45 PM - 6:15 PM,471657,From 2026-03-30 to 2026-06-08,Paul Palleschi Full Pool,"Scott, Noah",Waiting,555-0126-2607,student.16.7@example.test,10,Splash  3,Paul Palleschi Full Pool,Mo,2026-03-30 5:45 PM,2026-03-30 6:15 PM,471657,30,10,1,7,70%
Splash  3,10,7,Mo,Splash  3 Demo,5:45 PM - 6:15 PM,471657,From 2026-03-30 to 2026-06-08,Paul Palleschi Full Pool,"Stone, Avery",Booked,555-0126-2608,student.16.8@example.test,11,Splash  3,Paul Palleschi Full Pool,Mo,2026-03-30 5:45 PM,2026-03-30 6:15 PM,471657,30,10,1,7,70%
Splash  3,10,7,Mo,Splash  3 Demo,5:45 PM - 6:15 PM,471657,From 2026-03-30 to 2026-06-08,Paul Palleschi Full Pool,"Stone, Blake",Booked,555-0126-2609,student.16.9@example.test,12,Splash  3,Paul Palleschi Full Pool,Mo,2026-03-30 5:45 PM,2026-03-30 6:15 PM,471657,30,10,1,7,70%
Swimming Private Lesson,2,1,Mo,Swimming Private Lesson Demo,5:45 PM - 6:15 PM,496582,From 2026-03-30 to 2026-06-08,Paul Palleschi Full Pool,"King, Kai",Booked,555-0127-2700,student.17.0@example.test,3,Swimming Private Lesson,Paul Palleschi Full Pool,Mo,2026-03-30 5:45 PM,2026-03-30 6:15 PM,496582,30,2,1,1,50%
Swimming Private Lesson,2,1,Mo,Swimming Private Lesson Demo,5:45 PM - 6:15 PM,496582,From 2026-03-30 to 2026-06-08,Paul Palleschi Full Pool,"King, Logan",Waiting,555-0127-2701,student.17.1@example.test,4,Swimming Private Lesson,Paul Palleschi Full Pool,Mo,2026-03-30 5:45 PM,2026-03-30 6:15 PM,496582,30,2,1,1,50%
Splash  2A,10,6,Mo,Splash  2A Demo,6:00 PM - 6:30 PM,459341,From 2026-03-30 to 2026-06-08,Paul Palleschi Full Pool,"Stone, Avery",Waiting,555-0128-2800,student.18.0@example.test,3,Splash  2A,Paul Palleschi Full Pool,Mo,2026-03-30 6:00 PM,2026-03-30 6:30 PM,459341,30,10,1,6,60%
Splash  2A,10,6,Mo,Splash  2A Demo,6:00 PM - 6:30 PM,459341,From 2026-03-30 to 2026-06-08,Paul Palleschi Full Pool,"Stone, Blake",Booked,555-0128-2801,student.18.1@example.test,4,Splash  2A,Paul Palleschi Full Pool,Mo,2026-03-30 6:00 PM,2026-03-30 6:30 PM,459341,30,10,1,6,60%
Splash  2A,10,6,Mo,Splash  2A Demo,6:00 PM - 6:30 PM,459341,From 2026-03-30 to 2026-06-08,Paul Palleschi Full Pool,"Lee, Casey",Waiting,555-0128-2802,student.18.2@example.test,5,Splash  2A,Paul Palleschi Full Pool,Mo,2026-03-30 6:00 PM,2026-03-30 6:30 PM,459341,30,10,1,6,60%
Splash  2A,10,6,Mo,Splash  2A Demo,6:00 PM - 6:30 PM,459341,From 2026-03-30 to 2026-06-08,Paul Palleschi Full Pool,"Lee, Drew",Booked,555-0128-2803,student.18.3@example.test,6,Splash  2A,Paul Palleschi Full Pool,Mo,2026-03-30 6:00 PM,2026-03-30 6:30 PM,459341,30,10,1,6,60%
Splash  2A,10,6,Mo,Splash  2A Demo,6:00 PM - 6:30 PM,459341,From 2026-03-30 to 2026-06-08,Paul Palleschi Full Pool,"Martin, Emery",Booked,555-0128-2804,student.18.4@example.test,7,Splash  2A,Paul Palleschi Full Pool,Mo,2026-03-30 6:00 PM,2026-03-30 6:30 PM,459341,30,10,1,6,60%
Splash  2A,10,6,Mo,Splash  2A Demo,6:00 PM - 6:30 PM,459341,From 2026-03-30 to 2026-06-08,Paul Palleschi Full Pool,"Martin, Finley",Booked,555-0128-2805,student.18.5@example.test,8,Splash  2A,Paul Palleschi Full Pool,Mo,2026-03-30 6:00 PM,2026-03-30 6:30 PM,459341,30,10,1,6,60%
Splash  2A,10,6,Mo,Splash  2A Demo,6:00 PM - 6:30 PM,459341,From 2026-03-30 to 2026-06-08,Paul Palleschi Full Pool,"Singh, Harper",Booked,555-0128-2806,student.18.6@example.test,9,Splash  2A,Paul Palleschi Full Pool,Mo,2026-03-30 6:00 PM,2026-03-30 6:30 PM,459341,30,10,1,6,60%
Splash  2A,10,6,Mo,Splash  2A Demo,6:00 PM - 6:30 PM,459341,From 2026-03-30 to 2026-06-08,Paul Palleschi Full Pool,"Singh, Jordan",Booked,555-0128-2807,student.18.7@example.test,10,Splash  2A,Paul Palleschi Full Pool,Mo,2026-03-30 6:00 PM,2026-03-30 6:30 PM,459341,30,10,1,6,60%
Splash  2A,10,6,Mo,Splash  2A Demo,6:00 PM - 6:30 PM,459341,From 2026-03-30 to 2026-06-08,Paul Palleschi Full Pool,"Cooper, Kai",Waiting,555-0128-2808,student.18.8@example.test,11,Splash  2A,Paul Palleschi Full Pool,Mo,2026-03-30 6:00 PM,2026-03-30 6:30 PM,459341,30,10,1,6,60%
Splash  2A,10,6,Mo,Splash  2A Demo,6:00 PM - 6:30 PM,459341,From 2026-03-30 to 2026-06-08,Paul Palleschi Full Pool,"Cooper, Logan",Waiting,555-0128-2809,student.18.9@example.test,12,Splash  2A,Paul Palleschi Full Pool,Mo,2026-03-30 6:00 PM,2026-03-30 6:30 PM,459341,30,10,1,6,60%
Swimming Private Lesson,2,1,Mo,Swimming Private Lesson Demo,6:00 PM - 6:30 PM,505155,From 2026-03-30 to 2026-06-08,Paul Palleschi Full Pool,"Martin, Emery",Booked,555-0129-2900,student.19.0@example.test,3,Swimming Private Lesson,Paul Palleschi Full Pool,Mo,2026-03-30 6:00 PM,2026-03-30 6:30 PM,505155,30,2,1,1,50%
Swimming Private Lesson,2,1,Mo,Swimming Private Lesson Demo,6:00 PM - 6:30 PM,505155,From 2026-03-30 to 2026-06-08,Paul Palleschi Full Pool,"Martin, Finley",Waiting,555-0129-2901,student.19.1@example.test,4,Swimming Private Lesson,Paul Palleschi Full Pool,Mo,2026-03-30 6:00 PM,2026-03-30 6:30 PM,505155,30,2,1,1,50%
Splash  1,6,6,Mo,Splash  1 Demo,6:15 PM - 6:45 PM,457491,From 2026-03-30 to 2026-06-08,Paul Palleschi Full Pool,"Cooper, Kai",Booked,555-0130-3000,student.20.0@example.test,3,Splash  1,Paul Palleschi Full Pool,Mo,2026-03-30 6:15 PM,2026-03-30 6:45 PM,457491,30,6,1,6,100%
Splash  1,6,6,Mo,Splash  1 Demo,6:15 PM - 6:45 PM,457491,From 2026-03-30 to 2026-06-08,Paul Palleschi Full Pool,"Cooper, Logan",Booked,555-0130-3001,student.20.1@example.test,4,Splash  1,Paul Palleschi Full Pool,Mo,2026-03-30 6:15 PM,2026-03-30 6:45 PM,457491,30,6,1,6,100%
Splash  1,6,6,Mo,Splash  1 Demo,6:15 PM - 6:45 PM,457491,From 2026-03-30 to 2026-06-08,Paul Palleschi Full Pool,"Walker, Maya",Booked,555-0130-3002,student.20.2@example.test,5,Splash  1,Paul Palleschi Full Pool,Mo,2026-03-30 6:15 PM,2026-03-30 6:45 PM,457491,30,6,1,6,100%
Splash  1,6,6,Mo,Splash  1 Demo,6:15 PM - 6:45 PM,457491,From 2026-03-30 to 2026-06-08,Paul Palleschi Full Pool,"Walker, Noah",Booked,555-0130-3003,student.20.3@example.test,6,Splash  1,Paul Palleschi Full Pool,Mo,2026-03-30 6:15 PM,2026-03-30 6:45 PM,457491,30,6,1,6,100%
Splash  1,6,6,Mo,Splash  1 Demo,6:15 PM - 6:45 PM,457491,From 2026-03-30 to 2026-06-08,Paul Palleschi Full Pool,"Young, Avery",Booked,555-0130-3004,student.20.4@example.test,7,Splash  1,Paul Palleschi Full Pool,Mo,2026-03-30 6:15 PM,2026-03-30 6:45 PM,457491,30,6,1,6,100%
Splash  1,6,6,Mo,Splash  1 Demo,6:15 PM - 6:45 PM,457491,From 2026-03-30 to 2026-06-08,Paul Palleschi Full Pool,"Young, Blake",Booked,555-0130-3005,student.20.5@example.test,8,Splash  1,Paul Palleschi Full Pool,Mo,2026-03-30 6:15 PM,2026-03-30 6:45 PM,457491,30,6,1,6,100%
Swimming Private Lesson,6,1,Mo,Swimming Private Lesson Demo,6:15 PM - 6:45 PM,496583,From 2026-03-30 to 2026-06-08,Paul Palleschi Full Pool,"Young, Avery",Waiting,555-0131-3100,student.21.0@example.test,3,Swimming Private Lesson,Paul Palleschi Full Pool,Mo,2026-03-30 6:15 PM,2026-03-30 6:45 PM,496583,30,6,1,1,17%
Swimming Private Lesson,6,1,Mo,Swimming Private Lesson Demo,6:15 PM - 6:45 PM,496583,From 2026-03-30 to 2026-06-08,Paul Palleschi Full Pool,"Young, Blake",Waiting,555-0131-3101,student.21.1@example.test,4,Swimming Private Lesson,Paul Palleschi Full Pool,Mo,2026-03-30 6:15 PM,2026-03-30 6:45 PM,496583,30,6,1,1,17%
Swimming Private Lesson,6,1,Mo,Swimming Private Lesson Demo,6:15 PM - 6:45 PM,496583,From 2026-03-30 to 2026-06-08,Paul Palleschi Full Pool,"Hall, Casey",Waiting,555-0131-3102,student.21.2@example.test,5,Swimming Private Lesson,Paul Palleschi Full Pool,Mo,2026-03-30 6:15 PM,2026-03-30 6:45 PM,496583,30,6,1,1,17%
Swimming Private Lesson,6,1,Mo,Swimming Private Lesson Demo,6:15 PM - 6:45 PM,496583,From 2026-03-30 to 2026-06-08,Paul Palleschi Full Pool,"Hall, Drew",Booked,555-0131-3103,student.21.3@example.test,6,Swimming Private Lesson,Paul Palleschi Full Pool,Mo,2026-03-30 6:15 PM,2026-03-30 6:45 PM,496583,30,6,1,1,17%
Swimming Private Lesson,6,1,Mo,Swimming Private Lesson Demo,6:15 PM - 6:45 PM,496583,From 2026-03-30 to 2026-06-08,Paul Palleschi Full Pool,"Allen, Emery",Waiting,555-0131-3104,student.21.4@example.test,7,Swimming Private Lesson,Paul Palleschi Full Pool,Mo,2026-03-30 6:15 PM,2026-03-30 6:45 PM,496583,30,6,1,1,17%
Swimming Private Lesson,6,1,Mo,Swimming Private Lesson Demo,6:15 PM - 6:45 PM,496583,From 2026-03-30 to 2026-06-08,Paul Palleschi Full Pool,"Allen, Finley",Waiting,555-0131-3105,student.21.5@example.test,8,Swimming Private Lesson,Paul Palleschi Full Pool,Mo,2026-03-30 6:15 PM,2026-03-30 6:45 PM,496583,30,6,1,1,17%
Splash  5,23,11,Mo,Splash  5 Demo,6:15 PM - 7:00 PM,471625,From 2026-03-30 to 2026-06-08,Paul Palleschi Full Pool,"Allen, Emery",Waiting,555-0132-3200,student.22.0@example.test,3,Splash  5,Paul Palleschi Full Pool,Mo,2026-03-30 6:15 PM,2026-03-30 7:00 PM,471625,45,23,1,11,48%
Splash  5,23,11,Mo,Splash  5 Demo,6:15 PM - 7:00 PM,471625,From 2026-03-30 to 2026-06-08,Paul Palleschi Full Pool,"Allen, Finley",Waiting,555-0132-3201,student.22.1@example.test,4,Splash  5,Paul Palleschi Full Pool,Mo,2026-03-30 6:15 PM,2026-03-30 7:00 PM,471625,45,23,1,11,48%
Splash  5,23,11,Mo,Splash  5 Demo,6:15 PM - 7:00 PM,471625,From 2026-03-30 to 2026-06-08,Paul Palleschi Full Pool,"Wright, Harper",Waiting,555-0132-3202,student.22.2@example.test,5,Splash  5,Paul Palleschi Full Pool,Mo,2026-03-30 6:15 PM,2026-03-30 7:00 PM,471625,45,23,1,11,48%
Splash  5,23,11,Mo,Splash  5 Demo,6:15 PM - 7:00 PM,471625,From 2026-03-30 to 2026-06-08,Paul Palleschi Full Pool,"Wright, Jordan",Booked,555-0132-3203,student.22.3@example.test,6,Splash  5,Paul Palleschi Full Pool,Mo,2026-03-30 6:15 PM,2026-03-30 7:00 PM,471625,45,23,1,11,48%
Splash  5,23,11,Mo,Splash  5 Demo,6:15 PM - 7:00 PM,471625,From 2026-03-30 to 2026-06-08,Paul Palleschi Full Pool,"King, Kai",Booked,555-0132-3204,student.22.4@example.test,7,Splash  5,Paul Palleschi Full Pool,Mo,2026-03-30 6:15 PM,2026-03-30 7:00 PM,471625,45,23,1,11,48%
Splash  5,23,11,Mo,Splash  5 Demo,6:15 PM - 7:00 PM,471625,From 2026-03-30 to 2026-06-08,Paul Palleschi Full Pool,"King, Logan",Waiting,555-0132-3205,student.22.5@example.test,8,Splash  5,Paul Palleschi Full Pool,Mo,2026-03-30 6:15 PM,2026-03-30 7:00 PM,471625,45,23,1,11,48%
Splash  5,23,11,Mo,Splash  5 Demo,6:15 PM - 7:00 PM,471625,From 2026-03-30 to 2026-06-08,Paul Palleschi Full Pool,"Scott, Maya",Waiting,555-0132-3206,student.22.6@example.test,9,Splash  5,Paul Palleschi Full Pool,Mo,2026-03-30 6:15 PM,2026-03-30 7:00 PM,471625,45,23,1,11,48%
Splash  5,23,11,Mo,Splash  5 Demo,6:15 PM - 7:00 PM,471625,From 2026-03-30 to 2026-06-08,Paul Palleschi Full Pool,"Scott, Noah",Booked,555-0132-3207,student.22.7@example.test,10,Splash  5,Paul Palleschi Full Pool,Mo,2026-03-30 6:15 PM,2026-03-30 7:00 PM,471625,45,23,1,11,48%
Splash  5,23,11,Mo,Splash  5 Demo,6:15 PM - 7:00 PM,471625,From 2026-03-30 to 2026-06-08,Paul Palleschi Full Pool,"Stone, Avery",Waiting,555-0132-3208,student.22.8@example.test,11,Splash  5,Paul Palleschi Full Pool,Mo,2026-03-30 6:15 PM,2026-03-30 7:00 PM,471625,45,23,1,11,48%
Splash  5,23,11,Mo,Splash  5 Demo,6:15 PM - 7:00 PM,471625,From 2026-03-30 to 2026-06-08,Paul Palleschi Full Pool,"Stone, Blake",Booked,555-0132-3209,student.22.9@example.test,12,Splash  5,Paul Palleschi Full Pool,Mo,2026-03-30 6:15 PM,2026-03-30 7:00 PM,471625,45,23,1,11,48%
Splash  5,23,11,Mo,Splash  5 Demo,6:15 PM - 7:00 PM,471625,From 2026-03-30 to 2026-06-08,Paul Palleschi Full Pool,"Lee, Casey",Booked,555-0132-3210,student.22.10@example.test,3,Splash  5,Paul Palleschi Full Pool,Mo,2026-03-30 6:15 PM,2026-03-30 7:00 PM,471625,45,23,1,11,48%
Splash  5,23,11,Mo,Splash  5 Demo,6:15 PM - 7:00 PM,471625,From 2026-03-30 to 2026-06-08,Paul Palleschi Full Pool,"Lee, Drew",Booked,555-0132-3211,student.22.11@example.test,4,Splash  5,Paul Palleschi Full Pool,Mo,2026-03-30 6:15 PM,2026-03-30 7:00 PM,471625,45,23,1,11,48%
Splash  5,23,11,Mo,Splash  5 Demo,6:15 PM - 7:00 PM,471625,From 2026-03-30 to 2026-06-08,Paul Palleschi Full Pool,"Martin, Emery",Waiting,555-0132-3212,student.22.12@example.test,5,Splash  5,Paul Palleschi Full Pool,Mo,2026-03-30 6:15 PM,2026-03-30 7:00 PM,471625,45,23,1,11,48%
Splash  5,23,11,Mo,Splash  5 Demo,6:15 PM - 7:00 PM,471625,From 2026-03-30 to 2026-06-08,Paul Palleschi Full Pool,"Martin, Finley",Waiting,555-0132-3213,student.22.13@example.test,6,Splash  5,Paul Palleschi Full Pool,Mo,2026-03-30 6:15 PM,2026-03-30 7:00 PM,471625,45,23,1,11,48%
Splash  5,23,11,Mo,Splash  5 Demo,6:15 PM - 7:00 PM,471625,From 2026-03-30 to 2026-06-08,Paul Palleschi Full Pool,"Singh, Harper",Waiting,555-0132-3214,student.22.14@example.test,7,Splash  5,Paul Palleschi Full Pool,Mo,2026-03-30 6:15 PM,2026-03-30 7:00 PM,471625,45,23,1,11,48%
Splash  5,23,11,Mo,Splash  5 Demo,6:15 PM - 7:00 PM,471625,From 2026-03-30 to 2026-06-08,Paul Palleschi Full Pool,"Singh, Jordan",Booked,555-0132-3215,student.22.15@example.test,8,Splash  5,Paul Palleschi Full Pool,Mo,2026-03-30 6:15 PM,2026-03-30 7:00 PM,471625,45,23,1,11,48%
Splash  5,23,11,Mo,Splash  5 Demo,6:15 PM - 7:00 PM,471625,From 2026-03-30 to 2026-06-08,Paul Palleschi Full Pool,"Cooper, Kai",Booked,555-0132-3216,student.22.16@example.test,9,Splash  5,Paul Palleschi Full Pool,Mo,2026-03-30 6:15 PM,2026-03-30 7:00 PM,471625,45,23,1,11,48%
Splash  5,23,11,Mo,Splash  5 Demo,6:15 PM - 7:00 PM,471625,From 2026-03-30 to 2026-06-08,Paul Palleschi Full Pool,"Cooper, Logan",Waiting,555-0132-3217,student.22.17@example.test,10,Splash  5,Paul Palleschi Full Pool,Mo,2026-03-30 6:15 PM,2026-03-30 7:00 PM,471625,45,23,1,11,48%
Splash  5,23,11,Mo,Splash  5 Demo,6:15 PM - 7:00 PM,471625,From 2026-03-30 to 2026-06-08,Paul Palleschi Full Pool,"Walker, Maya",Waiting,555-0132-3218,student.22.18@example.test,11,Splash  5,Paul Palleschi Full Pool,Mo,2026-03-30 6:15 PM,2026-03-30 7:00 PM,471625,45,23,1,11,48%
Splash  5,23,11,Mo,Splash  5 Demo,6:15 PM - 7:00 PM,471625,From 2026-03-30 to 2026-06-08,Paul Palleschi Full Pool,"Walker, Noah",Booked,555-0132-3219,student.22.19@example.test,12,Splash  5,Paul Palleschi Full Pool,Mo,2026-03-30 6:15 PM,2026-03-30 7:00 PM,471625,45,23,1,11,48%
Splash  5,23,11,Mo,Splash  5 Demo,6:15 PM - 7:00 PM,471625,From 2026-03-30 to 2026-06-08,Paul Palleschi Full Pool,"Young, Avery",Booked,555-0132-3220,student.22.20@example.test,3,Splash  5,Paul Palleschi Full Pool,Mo,2026-03-30 6:15 PM,2026-03-30 7:00 PM,471625,45,23,1,11,48%
Splash  5,23,11,Mo,Splash  5 Demo,6:15 PM - 7:00 PM,471625,From 2026-03-30 to 2026-06-08,Paul Palleschi Full Pool,"Young, Blake",Waiting,555-0132-3221,student.22.21@example.test,4,Splash  5,Paul Palleschi Full Pool,Mo,2026-03-30 6:15 PM,2026-03-30 7:00 PM,471625,45,23,1,11,48%
Splash  5,23,11,Mo,Splash  5 Demo,6:15 PM - 7:00 PM,471625,From 2026-03-30 to 2026-06-08,Paul Palleschi Full Pool,"Hall, Casey",Booked,555-0132-3222,student.22.22@example.test,5,Splash  5,Paul Palleschi Full Pool,Mo,2026-03-30 6:15 PM,2026-03-30 7:00 PM,471625,45,23,1,11,48%
Little Splash 1,4,4,Mo,Little Splash 1 Demo,6:30 PM - 7:00 PM,457373,From 2026-03-30 to 2026-06-08,Paul Palleschi Full Pool,"King, Kai",Booked,555-0133-3300,student.23.0@example.test,3,Little Splash 1,Paul Palleschi Full Pool,Mo,2026-03-30 6:30 PM,2026-03-30 7:00 PM,457373,30,4,1,4,100%
Little Splash 1,4,4,Mo,Little Splash 1 Demo,6:30 PM - 7:00 PM,457373,From 2026-03-30 to 2026-06-08,Paul Palleschi Full Pool,"King, Logan",Booked,555-0133-3301,student.23.1@example.test,4,Little Splash 1,Paul Palleschi Full Pool,Mo,2026-03-30 6:30 PM,2026-03-30 7:00 PM,457373,30,4,1,4,100%
Little Splash 1,4,4,Mo,Little Splash 1 Demo,6:30 PM - 7:00 PM,457373,From 2026-03-30 to 2026-06-08,Paul Palleschi Full Pool,"Scott, Maya",Booked,555-0133-3302,student.23.2@example.test,5,Little Splash 1,Paul Palleschi Full Pool,Mo,2026-03-30 6:30 PM,2026-03-30 7:00 PM,457373,30,4,1,4,100%
Little Splash 1,4,4,Mo,Little Splash 1 Demo,6:30 PM - 7:00 PM,457373,From 2026-03-30 to 2026-06-08,Paul Palleschi Full Pool,"Scott, Noah",Booked,555-0133-3303,student.23.3@example.test,6,Little Splash 1,Paul Palleschi Full Pool,Mo,2026-03-30 6:30 PM,2026-03-30 7:00 PM,457373,30,4,1,4,100%
Splash  2B,14,6,Mo,Splash  2B Demo,6:30 PM - 7:00 PM,471262,From 2026-03-30 to 2026-06-08,Paul Palleschi Full Pool,"Stone, Avery",Waiting,555-0134-3400,student.24.0@example.test,3,Splash  2B,Paul Palleschi Full Pool,Mo,2026-03-30 6:30 PM,2026-03-30 7:00 PM,471262,30,14,1,6,43%
Splash  2B,14,6,Mo,Splash  2B Demo,6:30 PM - 7:00 PM,471262,From 2026-03-30 to 2026-06-08,Paul Palleschi Full Pool,"Stone, Blake",Booked,555-0134-3401,student.24.1@example.test,4,Splash  2B,Paul Palleschi Full Pool,Mo,2026-03-30 6:30 PM,2026-03-30 7:00 PM,471262,30,14,1,6,43%
Splash  2B,14,6,Mo,Splash  2B Demo,6:30 PM - 7:00 PM,471262,From 2026-03-30 to 2026-06-08,Paul Palleschi Full Pool,"Lee, Casey",Booked,555-0134-3402,student.24.2@example.test,5,Splash  2B,Paul Palleschi Full Pool,Mo,2026-03-30 6:30 PM,2026-03-30 7:00 PM,471262,30,14,1,6,43%
Splash  2B,14,6,Mo,Splash  2B Demo,6:30 PM - 7:00 PM,471262,From 2026-03-30 to 2026-06-08,Paul Palleschi Full Pool,"Lee, Drew",Booked,555-0134-3403,student.24.3@example.test,6,Splash  2B,Paul Palleschi Full Pool,Mo,2026-03-30 6:30 PM,2026-03-30 7:00 PM,471262,30,14,1,6,43%
Splash  2B,14,6,Mo,Splash  2B Demo,6:30 PM - 7:00 PM,471262,From 2026-03-30 to 2026-06-08,Paul Palleschi Full Pool,"Martin, Emery",Waiting,555-0134-3404,student.24.4@example.test,7,Splash  2B,Paul Palleschi Full Pool,Mo,2026-03-30 6:30 PM,2026-03-30 7:00 PM,471262,30,14,1,6,43%
Splash  2B,14,6,Mo,Splash  2B Demo,6:30 PM - 7:00 PM,471262,From 2026-03-30 to 2026-06-08,Paul Palleschi Full Pool,"Martin, Finley",Waiting,555-0134-3405,student.24.5@example.test,8,Splash  2B,Paul Palleschi Full Pool,Mo,2026-03-30 6:30 PM,2026-03-30 7:00 PM,471262,30,14,1,6,43%
Splash  2B,14,6,Mo,Splash  2B Demo,6:30 PM - 7:00 PM,471262,From 2026-03-30 to 2026-06-08,Paul Palleschi Full Pool,"Singh, Harper",Waiting,555-0134-3406,student.24.6@example.test,9,Splash  2B,Paul Palleschi Full Pool,Mo,2026-03-30 6:30 PM,2026-03-30 7:00 PM,471262,30,14,1,6,43%
Splash  2B,14,6,Mo,Splash  2B Demo,6:30 PM - 7:00 PM,471262,From 2026-03-30 to 2026-06-08,Paul Palleschi Full Pool,"Singh, Jordan",Waiting,555-0134-3407,student.24.7@example.test,10,Splash  2B,Paul Palleschi Full Pool,Mo,2026-03-30 6:30 PM,2026-03-30 7:00 PM,471262,30,14,1,6,43%
Splash  2B,14,6,Mo,Splash  2B Demo,6:30 PM - 7:00 PM,471262,From 2026-03-30 to 2026-06-08,Paul Palleschi Full Pool,"Cooper, Kai",Booked,555-0134-3408,student.24.8@example.test,11,Splash  2B,Paul Palleschi Full Pool,Mo,2026-03-30 6:30 PM,2026-03-30 7:00 PM,471262,30,14,1,6,43%
Splash  2B,14,6,Mo,Splash  2B Demo,6:30 PM - 7:00 PM,471262,From 2026-03-30 to 2026-06-08,Paul Palleschi Full Pool,"Cooper, Logan",Waiting,555-0134-3409,student.24.9@example.test,12,Splash  2B,Paul Palleschi Full Pool,Mo,2026-03-30 6:30 PM,2026-03-30 7:00 PM,471262,30,14,1,6,43%
Splash  2B,14,6,Mo,Splash  2B Demo,6:30 PM - 7:00 PM,471262,From 2026-03-30 to 2026-06-08,Paul Palleschi Full Pool,"Walker, Maya",Booked,555-0134-3410,student.24.10@example.test,3,Splash  2B,Paul Palleschi Full Pool,Mo,2026-03-30 6:30 PM,2026-03-30 7:00 PM,471262,30,14,1,6,43%
Splash  2B,14,6,Mo,Splash  2B Demo,6:30 PM - 7:00 PM,471262,From 2026-03-30 to 2026-06-08,Paul Palleschi Full Pool,"Walker, Noah",Waiting,555-0134-3411,student.24.11@example.test,4,Splash  2B,Paul Palleschi Full Pool,Mo,2026-03-30 6:30 PM,2026-03-30 7:00 PM,471262,30,14,1,6,43%
Splash  2B,14,6,Mo,Splash  2B Demo,6:30 PM - 7:00 PM,471262,From 2026-03-30 to 2026-06-08,Paul Palleschi Full Pool,"Young, Avery",Booked,555-0134-3412,student.24.12@example.test,5,Splash  2B,Paul Palleschi Full Pool,Mo,2026-03-30 6:30 PM,2026-03-30 7:00 PM,471262,30,14,1,6,43%
Splash  2B,14,6,Mo,Splash  2B Demo,6:30 PM - 7:00 PM,471262,From 2026-03-30 to 2026-06-08,Paul Palleschi Full Pool,"Young, Blake",Waiting,555-0134-3413,student.24.13@example.test,6,Splash  2B,Paul Palleschi Full Pool,Mo,2026-03-30 6:30 PM,2026-03-30 7:00 PM,471262,30,14,1,6,43%
